{
  "scale_1": {
    "lpips_inside": {
      "mean": 0.011954254494048655,
      "std": 0.01320070906696307
    },
    "lpips_outside": {
      "mean": 0.0070511608966626225,
      "std": 0.004882020718762858
    },
    "lpips_loc_raw": {
      "mean": 1.7902271114298252,
      "std": 1.3237154451710436
    },
    "lpips_inside_norm": {
      "mean": 0.14190461242544802,
      "std": 0.06463083336212451
    },
    "lpips_outside_norm": {
      "mean": 0.008061798228456814,
      "std": 0.006243988463095096
    },
    "lpips_localization": {
      "mean": 24.100466242863952,
      "std": 13.237756083925497
    },
    "clip_localization": {
      "mean": 0.6344400462480969,
      "std": 0.35593519286219977
    }
  },
  "scale_2": {
    "lpips_inside": {
      "mean": 0.015405446919612587,
      "std": 0.015753379416112476
    },
    "lpips_outside": {
      "mean": 0.008407119009643794,
      "std": 0.005758325366920513
    },
    "lpips_loc_raw": {
      "mean": 1.9941968466481232,
      "std": 1.4412487483336207
    },
    "lpips_inside_norm": {
      "mean": 0.1858591419844977,
      "std": 0.06492702831628044
    },
    "lpips_outside_norm": {
      "mean": 0.0095612052619841,
      "std": 0.007191803370177333
    },
    "lpips_localization": {
      "mean": 26.94364516482517,
      "std": 14.19421894502139
    },
    "clip_localization": {
      "mean": 0.6932072804259254,
      "std": 0.3566258777821805
    }
  },
  "scale_3": {
    "lpips_inside": {
      "mean": 0.022003023838624357,
      "std": 0.01891118857650943
    },
    "lpips_outside": {
      "mean": 0.011092080979142337,
      "std": 0.007199859162875361
    },
    "lpips_loc_raw": {
      "mean": 2.212829692948152,
      "std": 1.501751934624109
    },
    "lpips_inside_norm": {
      "mean": 0.2811424285425946,
      "std": 0.06363473595574827
    },
    "lpips_outside_norm": {
      "mean": 0.012564875176251124,
      "std": 0.008866812755811243
    },
    "lpips_localization": {
      "mean": 30.721189383902963,
      "std": 14.675407707404581
    },
    "clip_localization": {
      "mean": 0.7474831639551917,
      "std": 0.332152953462616
    }
  }
}