{
  "scale_1": {
    "lpips_inside": {
      "mean": 0.03160713063552976,
      "std": 0.018350532623509695
    },
    "lpips_outside": {
      "mean": 0.026240772369783373,
      "std": 0.0230470091723741
    },
    "lpips_loc_raw": {
      "mean": 3.067025678840582,
      "std": 3.8938544583787724
    },
    "lpips_inside_norm": {
      "mean": 0.12507976412500224,
      "std": 0.07717964228889516
    },
    "lpips_outside_norm": {
      "mean": 0.036370554189803034,
      "std": 0.030308990325325087
    },
    "lpips_localization": {
      "mean": 5.890774067024035,
      "std": 5.521388675443226
    },
    "clip_localization": {
      "mean": 0.512582590067469,
      "std": 0.3761412631820476
    }
  },
  "scale_2": {
    "lpips_inside": {
      "mean": 0.0859234013594687,
      "std": 0.05884845740040753
    },
    "lpips_outside": {
      "mean": 0.05371803883463144,
      "std": 0.03905255586274767
    },
    "lpips_loc_raw": {
      "mean": 2.782711783194714,
      "std": 2.633829490179077
    },
    "lpips_inside_norm": {
      "mean": 0.3153649360097856,
      "std": 0.16015428676880483
    },
    "lpips_outside_norm": {
      "mean": 0.07474395488457101,
      "std": 0.04857489365012344
    },
    "lpips_localization": {
      "mean": 5.704814579775601,
      "std": 4.199022587912352
    },
    "clip_localization": {
      "mean": 0.7170438654651051,
      "std": 0.3015677251763465
    }
  },
  "scale_3": {
    "lpips_inside": {
      "mean": 0.14443481601774694,
      "std": 0.06695233246145653
    },
    "lpips_outside": {
      "mean": 0.08105304576456547,
      "std": 0.044759639455766546
    },
    "lpips_loc_raw": {
      "mean": 2.762809680190601,
      "std": 2.186574157846573
    },
    "lpips_inside_norm": {
      "mean": 0.5130392651436259,
      "std": 0.1601574999898519
    },
    "lpips_outside_norm": {
      "mean": 0.11485390026580022,
      "std": 0.05534311432932751
    },
    "lpips_localization": {
      "mean": 5.805864822746967,
      "std": 4.080526480147789
    },
    "clip_localization": {
      "mean": 0.7298246164777143,
      "std": 0.29651911397210323
    }
  }
}