{
  "specific": {
    "scale_1.0": {
      "lpips_target_raw": {
        "mean": 0.01761373905465007,
        "std": 0.018908131418148396
      },
      "lpips_nontarget_raw": {
        "mean": 0.014328963943989947,
        "std": 0.013709182185538162
      },
      "lpips_target_norm": {
        "mean": 0.2474052180240049,
        "std": 0.1578714719804488
      },
      "lpips_nontarget_norm": {
        "mean": 0.08190316987031793,
        "std": 0.04780903033389805
      },
      "lpips_selectivity": {
        "mean": 4.009111703157439,
        "std": 3.4670067804728975
      },
      "clip_delta_target": {
        "mean": 0.007350053638219833,
        "std": 0.015938505621536446
      },
      "clip_delta_nontarget": {
        "mean": 0.0036804020404815675,
        "std": 0.006344744137459484
      },
      "clip_selectivity": {
        "mean": 0.6005011915462863,
        "std": 0.3733158277665513
      }
    },
    "scale_2.0": {
      "lpips_target_raw": {
        "mean": 0.034417049237526955,
        "std": 0.038217106548595135
      },
      "lpips_nontarget_raw": {
        "mean": 0.028345629037357867,
        "std": 0.02680237097047789
      },
      "lpips_target_norm": {
        "mean": 0.4837514191046407,
        "std": 0.20759625232012957
      },
      "lpips_nontarget_norm": {
        "mean": 0.17464562020307112,
        "std": 0.10196977463382789
      },
      "lpips_selectivity": {
        "mean": 3.3664411011226902,
        "std": 1.654979164538052
      },
      "clip_delta_target": {
        "mean": 0.021114232391119002,
        "std": 0.0209798339205347
      },
      "clip_delta_nontarget": {
        "mean": 0.00792248398065567,
        "std": 0.01004710097076864
      },
      "clip_selectivity": {
        "mean": 0.6105213873266881,
        "std": 0.35693168699427447
      }
    },
    "scale_3.0": {
      "lpips_target_raw": {
        "mean": 0.04243267935235053,
        "std": 0.05335598298943693
      },
      "lpips_nontarget_raw": {
        "mean": 0.043369425449054685,
        "std": 0.034785014075721994
      },
      "lpips_target_norm": {
        "mean": 0.54565633259354,
        "std": 0.17584287268808393
      },
      "lpips_nontarget_norm": {
        "mean": 0.2794489975614148,
        "std": 0.14434176727449452
      },
      "lpips_selectivity": {
        "mean": 2.3223729420995163,
        "std": 1.130381362134734
      },
      "clip_delta_target": {
        "mean": 0.021502004563808443,
        "std": 0.023097069432345577
      },
      "clip_delta_nontarget": {
        "mean": 0.009919756650924682,
        "std": 0.014399709151132792
      },
      "clip_selectivity": {
        "mean": 0.5262101924497868,
        "std": 0.3354549270535449
      }
    }
  },
  "general": {
    "scale_1.0": {
      "lpips_target_raw": {
        "mean": 0.02461599346715957,
        "std": 0.029931874057675875
      },
      "lpips_nontarget_raw": {
        "mean": 0.03755042044213042,
        "std": 0.025841560416032583
      },
      "lpips_target_norm": {
        "mean": 0.27655960466431867,
        "std": 0.08637488450708376
      },
      "lpips_nontarget_norm": {
        "mean": 0.24797347397947087,
        "std": 0.10556029806735179
      },
      "lpips_selectivity": {
        "mean": 1.2962889778908413,
        "std": 0.6594364476027531
      },
      "clip_delta_target": {
        "mean": 0.013688857108354569,
        "std": 0.019992476849640305
      },
      "clip_delta_nontarget": {
        "mean": 0.014762721955776215,
        "std": 0.013601797035049127
      },
      "clip_selectivity": {
        "mean": 0.409738356217348,
        "std": 0.32092649365717446
      }
    },
    "scale_2.0": {
      "lpips_target_raw": {
        "mean": 0.037791726097930224,
        "std": 0.04266768900396833
      },
      "lpips_nontarget_raw": {
        "mean": 0.06143426091875881,
        "std": 0.03978498861936048
      },
      "lpips_target_norm": {
        "mean": 0.5253244873926054,
        "std": 0.21818882284104116
      },
      "lpips_nontarget_norm": {
        "mean": 0.4072178617917589,
        "std": 0.12376122319009301
      },
      "lpips_selectivity": {
        "mean": 1.3559959626792946,
        "std": 0.500442254225556
      },
      "clip_delta_target": {
        "mean": 0.019276952743530272,
        "std": 0.025095455761346853
      },
      "clip_delta_nontarget": {
        "mean": 0.026727112382650374,
        "std": 0.02304835217882969
      },
      "clip_selectivity": {
        "mean": 0.4297638210066834,
        "std": 0.3071040369164847
      }
    },
    "scale_3.0": {
      "lpips_target_raw": {
        "mean": 0.049068732932209966,
        "std": 0.06766659931207267
      },
      "lpips_nontarget_raw": {
        "mean": 0.07974664918147027,
        "std": 0.05413460922416886
      },
      "lpips_target_norm": {
        "mean": 0.6135904909020604,
        "std": 0.2142706544296108
      },
      "lpips_nontarget_norm": {
        "mean": 0.519872668413657,
        "std": 0.1683132746411489
      },
      "lpips_selectivity": {
        "mean": 1.2269732428838087,
        "std": 0.41431986934380727
      },
      "clip_delta_target": {
        "mean": 0.019849659502506257,
        "std": 0.03316939734955493
      },
      "clip_delta_nontarget": {
        "mean": 0.026445582509040833,
        "std": 0.028030843463639536
      },
      "clip_selectivity": {
        "mean": 0.33494122451030167,
        "std": 0.3482677864210582
      }
    }
  }
}