{
  "scale_1": {
    "lpips_inside": {
      "mean": 0.024071398755768313,
      "std": 0.01761257351208952
    },
    "lpips_outside": {
      "mean": 0.010239886213093996,
      "std": 0.004218617447637212
    },
    "lpips_loc_raw": {
      "mean": 2.770951290723165,
      "std": 2.3224677571845236
    },
    "lpips_inside_norm": {
      "mean": 0.06829116476476334,
      "std": 0.03199833355755699
    },
    "lpips_outside_norm": {
      "mean": 0.015746076904873018,
      "std": 0.006743498639270287
    },
    "lpips_localization": {
      "mean": 4.848467307479575,
      "std": 2.3799777525901384
    },
    "clip_localization": {
      "mean": 0.7937476250902181,
      "std": 0.1976635763040605
    }
  },
  "scale_2": {
    "lpips_inside": {
      "mean": 0.05465186464134604,
      "std": 0.034649622741594555
    },
    "lpips_outside": {
      "mean": 0.01963130459189415,
      "std": 0.006842462080779645
    },
    "lpips_loc_raw": {
      "mean": 2.950825702346018,
      "std": 1.8410557694501026
    },
    "lpips_inside_norm": {
      "mean": 0.15801642473538208,
      "std": 0.06386216319928896
    },
    "lpips_outside_norm": {
      "mean": 0.0304347140513291,
      "std": 0.01125670689806184
    },
    "lpips_localization": {
      "mean": 5.603063040336147,
      "std": 2.429695888097108
    },
    "clip_localization": {
      "mean": 0.9024358632148426,
      "std": 0.07822717904543273
    }
  },
  "scale_3": {
    "lpips_inside": {
      "mean": 0.07313150097616017,
      "std": 0.04069866790893486
    },
    "lpips_outside": {
      "mean": 0.026957574021071195,
      "std": 0.008978262820507016
    },
    "lpips_loc_raw": {
      "mean": 2.9583521872877556,
      "std": 1.890462970128898
    },
    "lpips_inside_norm": {
      "mean": 0.21435268781692574,
      "std": 0.06627252698538871
    },
    "lpips_outside_norm": {
      "mean": 0.04177007416039604,
      "std": 0.01501222508384668
    },
    "lpips_localization": {
      "mean": 5.747999492262075,
      "std": 2.687759275553406
    },
    "clip_localization": {
      "mean": 0.9175744819118867,
      "std": 0.08519680638202784
    }
  }
}