{
  "scale_1": {
    "lpips_inside": {
      "mean": 0.0686003533191979,
      "std": 0.03959418536550587
    },
    "lpips_outside": {
      "mean": 0.07891395008191467,
      "std": 0.03752879926038715
    },
    "lpips_loc_raw": {
      "mean": 0.9497618891489523,
      "std": 0.6078363413627401
    },
    "lpips_inside_norm": {
      "mean": 0.28530227515053974,
      "std": 0.12138454215955044
    },
    "lpips_outside_norm": {
      "mean": 0.10773215838604726,
      "std": 0.05035557926304176
    },
    "lpips_localization": {
      "mean": 3.101488047734038,
      "std": 2.0365079813142644
    },
    "clip_localization": {
      "mean": 0.4498088505057267,
      "std": 0.3339310245140479
    }
  },
  "scale_2": {
    "lpips_inside": {
      "mean": 0.12567041870206594,
      "std": 0.07412772933665669
    },
    "lpips_outside": {
      "mean": 0.10513438526540994,
      "std": 0.03436740108223411
    },
    "lpips_loc_raw": {
      "mean": 1.3211162846704307,
      "std": 1.0749979995671317
    },
    "lpips_inside_norm": {
      "mean": 0.4898179754350034,
      "std": 0.07947103694666705
    },
    "lpips_outside_norm": {
      "mean": 0.14459938754744728,
      "std": 0.04853164247375843
    },
    "lpips_localization": {
      "mean": 3.920885762348984,
      "std": 2.0885315774026783
    },
    "clip_localization": {
      "mean": 0.7157704917480068,
      "std": 0.2135593443669328
    }
  },
  "scale_3": {
    "lpips_inside": {
      "mean": 0.16022070487961174,
      "std": 0.09527781422516891
    },
    "lpips_outside": {
      "mean": 0.1258981918916106,
      "std": 0.03307959290624546
    },
    "lpips_loc_raw": {
      "mean": 1.3518713965985398,
      "std": 1.0748139604091185
    },
    "lpips_inside_norm": {
      "mean": 0.6250494271391072,
      "std": 0.07498140719857324
    },
    "lpips_outside_norm": {
      "mean": 0.17400222382121444,
      "std": 0.051298355754508286
    },
    "lpips_localization": {
      "mean": 3.9957566915003264,
      "std": 1.6327622974974993
    },
    "clip_localization": {
      "mean": 0.8148146642297007,
      "std": 0.22577785496314162
    }
  }
}