{
  "scale_2": {
    "lpips_inside": {
      "mean": 0.029548822133801878,
      "std": 0.020006880363354785
    },
    "lpips_outside": {
      "mean": 0.014522970910184086,
      "std": 0.007839533206926853
    },
    "lpips_loc_raw": {
      "mean": 2.3819382672450464,
      "std": 1.5807834391568163
    },
    "lpips_inside_norm": {
      "mean": 0.13149829232012142,
      "std": 0.06894056945893356
    },
    "lpips_outside_norm": {
      "mean": 0.018672319294366586,
      "std": 0.009459884157404105
    },
    "lpips_localization": {
      "mean": 7.765400429485483,
      "std": 3.719752446073604
    },
    "clip_localization": {
      "mean": 0.8493118999098923,
      "std": 0.21081795004278725
    }
  },
  "scale_3": {
    "lpips_inside": {
      "mean": 0.03708741650916636,
      "std": 0.02386447451440467
    },
    "lpips_outside": {
      "mean": 0.01861961369868368,
      "std": 0.009276709603959765
    },
    "lpips_loc_raw": {
      "mean": 2.12493144291047,
      "std": 1.159762545819408
    },
    "lpips_inside_norm": {
      "mean": 0.16251088899362798,
      "std": 0.07639232119166754
    },
    "lpips_outside_norm": {
      "mean": 0.024340150841787898,
      "std": 0.011912321169191106
    },
    "lpips_localization": {
      "mean": 7.575242368829583,
      "std": 3.3987051051800337
    },
    "clip_localization": {
      "mean": 0.8569506122443808,
      "std": 0.20977622986659228
    }
  }
}