{
  "scale_1": {
    "lpips_inside": {
      "mean": 0.02108203450916335,
      "std": 0.00913725837065027
    },
    "lpips_outside": {
      "mean": 0.01501018152339384,
      "std": 0.012008867933787784
    },
    "lpips_loc_raw": {
      "mean": 1.8451349941645399,
      "std": 1.0267387923273223
    },
    "lpips_inside_norm": {
      "mean": 0.17192136129790825,
      "std": 0.07223401670735687
    },
    "lpips_outside_norm": {
      "mean": 0.017266635434205504,
      "std": 0.013783887833711875
    },
    "lpips_localization": {
      "mean": 12.81524335213117,
      "std": 6.605027901626751
    },
    "clip_localization": {
      "mean": 0.6483984870204282,
      "std": 0.29101290669191343
    }
  },
  "scale_2": {
    "lpips_inside": {
      "mean": 0.04042905615642667,
      "std": 0.014551285351518813
    },
    "lpips_outside": {
      "mean": 0.025236302812118083,
      "std": 0.014474997456915977
    },
    "lpips_loc_raw": {
      "mean": 1.8644231255912012,
      "std": 0.8487042327746278
    },
    "lpips_inside_norm": {
      "mean": 0.3185340481936768,
      "std": 0.08553391742158599
    },
    "lpips_outside_norm": {
      "mean": 0.02915998892954713,
      "std": 0.01676964012451984
    },
    "lpips_localization": {
      "mean": 12.849614703871845,
      "std": 5.007012741429622
    },
    "clip_localization": {
      "mean": 0.7278861684475941,
      "std": 0.2784124331938887
    }
  },
  "scale_3": {
    "lpips_inside": {
      "mean": 0.05255970382131636,
      "std": 0.01882486462299474
    },
    "lpips_outside": {
      "mean": 0.034068122564349324,
      "std": 0.01682279799096678
    },
    "lpips_loc_raw": {
      "mean": 1.7697979194087328,
      "std": 0.8162455751013562
    },
    "lpips_inside_norm": {
      "mean": 0.40991290722998164,
      "std": 0.09992699410352837
    },
    "lpips_outside_norm": {
      "mean": 0.03939637021952959,
      "std": 0.0195450278621112
    },
    "lpips_localization": {
      "mean": 12.182103518880425,
      "std": 4.830286858253361
    },
    "clip_localization": {
      "mean": 0.8185379186454176,
      "std": 0.12700492413390316
    }
  }
}