{
  "specific": {
    "scale_1.0": {
      "lpips_target_raw": {
        "mean": 0.05989285772666335,
        "std": 0.01727880932742348
      },
      "lpips_nontarget_raw": {
        "mean": 0.018040387704968453,
        "std": 0.008089070800591548
      },
      "lpips_target_norm": {
        "mean": 0.192479466933608,
        "std": 0.0649226333255056
      },
      "lpips_nontarget_norm": {
        "mean": 0.13180536085717015,
        "std": 0.08235112517126116
      },
      "lpips_selectivity": {
        "mean": 1.897010637111831,
        "std": 1.0794307575785336
      },
      "clip_delta_target": {
        "mean": 0.009707535803318023,
        "std": 0.011286036403366747
      },
      "clip_delta_nontarget": {
        "mean": 0.00034136176109313967,
        "std": 0.006034757233764667
      },
      "clip_selectivity": {
        "mean": 0.585643965695562,
        "std": 0.3250140921070726
      }
    },
    "scale_2.0": {
      "lpips_target_raw": {
        "mean": 0.10860612951219081,
        "std": 0.032277518954867974
      },
      "lpips_nontarget_raw": {
        "mean": 0.030406800890341402,
        "std": 0.013081067737801268
      },
      "lpips_target_norm": {
        "mean": 0.33873000026493005,
        "std": 0.07692795269643855
      },
      "lpips_nontarget_norm": {
        "mean": 0.20884062589316157,
        "std": 0.0920909798856957
      },
      "lpips_selectivity": {
        "mean": 1.9086815456993094,
        "std": 0.875607056574113
      },
      "clip_delta_target": {
        "mean": 0.02125418484210968,
        "std": 0.017475205538555295
      },
      "clip_delta_nontarget": {
        "mean": 0.0003395833075046539,
        "std": 0.00637622560054134
      },
      "clip_selectivity": {
        "mean": 0.7436644383592916,
        "std": 0.238378696739215
      }
    },
    "scale_3.0": {
      "lpips_target_raw": {
        "mean": 0.14282953925430775,
        "std": 0.04479349544685722
      },
      "lpips_nontarget_raw": {
        "mean": 0.04308885149657726,
        "std": 0.015624786367462784
      },
      "lpips_target_norm": {
        "mean": 0.4393271126934497,
        "std": 0.07842384231744279
      },
      "lpips_nontarget_norm": {
        "mean": 0.30290406061954345,
        "std": 0.12743050674405731
      },
      "lpips_selectivity": {
        "mean": 1.6781566820399223,
        "std": 0.6399731940743968
      },
      "clip_delta_target": {
        "mean": 0.029221707582473756,
        "std": 0.01601394889637485
      },
      "clip_delta_nontarget": {
        "mean": 0.005182027816772461,
        "std": 0.013845907011960371
      },
      "clip_selectivity": {
        "mean": 0.7395442075208485,
        "std": 0.24932768170350358
      }
    }
  },
  "general": {
    "scale_1.0": {
      "lpips_target_raw": {
        "mean": 0.06546795424073934,
        "std": 0.026297508936101065
      },
      "lpips_nontarget_raw": {
        "mean": 0.03608975540846586,
        "std": 0.01600599974649509
      },
      "lpips_target_norm": {
        "mean": 0.20388064273102904,
        "std": 0.06199241142922783
      },
      "lpips_nontarget_norm": {
        "mean": 0.24752932548353054,
        "std": 0.09265956621661502
      },
      "lpips_selectivity": {
        "mean": 0.9801988741325479,
        "std": 0.5632210089438505
      },
      "clip_delta_target": {
        "mean": 0.008122807741165161,
        "std": 0.012159812218065618
      },
      "clip_delta_nontarget": {
        "mean": 0.008236732333898544,
        "std": 0.010724459336110773
      },
      "clip_selectivity": {
        "mean": 0.4450242027818138,
        "std": 0.3400905998977112
      }
    },
    "scale_2.0": {
      "lpips_target_raw": {
        "mean": 0.11656609624624252,
        "std": 0.04845214016946966
      },
      "lpips_nontarget_raw": {
        "mean": 0.0621123100630939,
        "std": 0.02335462299989886
      },
      "lpips_target_norm": {
        "mean": 0.35294735586915243,
        "std": 0.07167860863968355
      },
      "lpips_nontarget_norm": {
        "mean": 0.4180922487483129,
        "std": 0.11713276830305959
      },
      "lpips_selectivity": {
        "mean": 0.8934667490263072,
        "std": 0.2394245507076419
      },
      "clip_delta_target": {
        "mean": 0.01888212561607361,
        "std": 0.014069437344325808
      },
      "clip_delta_nontarget": {
        "mean": 0.01817452535033226,
        "std": 0.011394811119672093
      },
      "clip_selectivity": {
        "mean": 0.4541520234206188,
        "std": 0.20695102398341675
      }
    },
    "scale_3.0": {
      "lpips_target_raw": {
        "mean": 0.15579276122152805,
        "std": 0.06751019363135541
      },
      "lpips_nontarget_raw": {
        "mean": 0.08164531718939542,
        "std": 0.031270992877538956
      },
      "lpips_target_norm": {
        "mean": 0.46759118084532253,
        "std": 0.07818858517014084
      },
      "lpips_nontarget_norm": {
        "mean": 0.5335615675140957,
        "std": 0.10513207997580566
      },
      "lpips_selectivity": {
        "mean": 0.8926171729394333,
        "std": 0.13813399393077455
      },
      "clip_delta_target": {
        "mean": 0.025560113042593,
        "std": 0.017923007174771452
      },
      "clip_delta_nontarget": {
        "mean": 0.027341534942388536,
        "std": 0.015558532762446124
      },
      "clip_selectivity": {
        "mean": 0.4311694527115331,
        "std": 0.23935562721608178
      }
    }
  }
}