{
  "scale_1": {
    "lpips_inside": {
      "mean": 0.035411798884160815,
      "std": 0.020296142622798528
    },
    "lpips_outside": {
      "mean": 0.05575975738465786,
      "std": 0.015862899023177633
    },
    "lpips_loc_raw": {
      "mean": 0.6971264420768689,
      "std": 0.49235393606322475
    },
    "lpips_inside_norm": {
      "mean": 0.13943275183481538,
      "std": 0.040153455856082154
    },
    "lpips_outside_norm": {
      "mean": 0.07614305859610501,
      "std": 0.027518962366485565
    },
    "lpips_localization": {
      "mean": 1.9648048286204343,
      "std": 0.5975250171316795
    },
    "clip_localization": {
      "mean": 0.36421404248696987,
      "std": 0.42075564200043514
    }
  },
  "scale_2": {
    "lpips_inside": {
      "mean": 0.06427890583872795,
      "std": 0.03263885461702747
    },
    "lpips_outside": {
      "mean": 0.07628105636686086,
      "std": 0.021922645194205954
    },
    "lpips_loc_raw": {
      "mean": 0.8847499269621564,
      "std": 0.5188239880048622
    },
    "lpips_inside_norm": {
      "mean": 0.2608604349069774,
      "std": 0.0653893020200636
    },
    "lpips_outside_norm": {
      "mean": 0.10455832148195694,
      "std": 0.03469872961955935
    },
    "lpips_localization": {
      "mean": 2.734124664653971,
      "std": 1.0131219326870946
    },
    "clip_localization": {
      "mean": 0.6451715032333736,
      "std": 0.39266868268683924
    }
  },
  "scale_3": {
    "lpips_inside": {
      "mean": 0.1146998532116413,
      "std": 0.05789185364864621
    },
    "lpips_outside": {
      "mean": 0.1068239826709032,
      "std": 0.02070882121939093
    },
    "lpips_loc_raw": {
      "mean": 1.0852257300715515,
      "std": 0.5670663324833632
    },
    "lpips_inside_norm": {
      "mean": 0.46907929630510237,
      "std": 0.07408198513197846
    },
    "lpips_outside_norm": {
      "mean": 0.14645802359240434,
      "std": 0.039422160323257814
    },
    "lpips_localization": {
      "mean": 3.3853719295886697,
      "std": 0.8562047069475749
    },
    "clip_localization": {
      "mean": 0.8880511645960221,
      "std": 0.10331959254961078
    }
  }
}