{
  "specific": {
    "scale_0.5": {
      "lpips_target_raw": {
        "mean": 0.018540237727575005,
        "std": 0.014004065679433055
      },
      "lpips_nontarget_raw": {
        "mean": 0.016012641449924557,
        "std": 0.012785279830933449
      },
      "lpips_target_norm": {
        "mean": 0.05671752469315629,
        "std": 0.05876392915277628
      },
      "lpips_nontarget_norm": {
        "mean": 0.04251054534323291,
        "std": 0.02965788778193184
      },
      "lpips_selectivity": {
        "mean": 0.9535929142779555,
        "std": 0.5690610440206559
      },
      "clip_delta_target": {
        "mean": 0.012816141545772552,
        "std": 0.014880184985360635
      },
      "clip_delta_nontarget": {
        "mean": 0.0016093388199806213,
        "std": 0.00351791143742886
      },
      "clip_selectivity": {
        "mean": 0.745961764069386,
        "std": 0.20828807838148575
      }
    },
    "scale_1.0": {
      "lpips_target_raw": {
        "mean": 0.035350138507783416,
        "std": 0.019355883207129707
      },
      "lpips_nontarget_raw": {
        "mean": 0.028418295551091433,
        "std": 0.018070831890757977
      },
      "lpips_target_norm": {
        "mean": 0.10594245076810241,
        "std": 0.05578683372696098
      },
      "lpips_nontarget_norm": {
        "mean": 0.07597915185010234,
        "std": 0.03741356340659311
      },
      "lpips_selectivity": {
        "mean": 0.828232562249093,
        "std": 0.42845526428009456
      },
      "clip_delta_target": {
        "mean": 0.035745156556367876,
        "std": 0.0177232543575057
      },
      "clip_delta_nontarget": {
        "mean": 0.0070490255951881405,
        "std": 0.009325276182014435
      },
      "clip_selectivity": {
        "mean": 0.8175037889442812,
        "std": 0.15100513704917645
      }
    },
    "scale_1.5": {
      "lpips_target_raw": {
        "mean": 0.05450530545786023,
        "std": 0.022663093434143407
      },
      "lpips_nontarget_raw": {
        "mean": 0.04648781195282936,
        "std": 0.023026714031571482
      },
      "lpips_target_norm": {
        "mean": 0.16491234435414756,
        "std": 0.06153396116489403
      },
      "lpips_nontarget_norm": {
        "mean": 0.12557265818083857,
        "std": 0.04739767698310451
      },
      "lpips_selectivity": {
        "mean": 0.8308291915228946,
        "std": 0.35135473923843896
      },
      "clip_delta_target": {
        "mean": 0.04933370426297188,
        "std": 0.018218996084437968
      },
      "clip_delta_nontarget": {
        "mean": 0.026956628262996673,
        "std": 0.018305258280271283
      },
      "clip_selectivity": {
        "mean": 0.6738684032550516,
        "std": 0.146499310588488
      }
    }
  },
  "general": {
    "scale_0.5": {
      "lpips_target_raw": {
        "mean": 0.02708343667909503,
        "std": 0.015371039977945743
      },
      "lpips_nontarget_raw": {
        "mean": 0.03127780605573207,
        "std": 0.015948213344100067
      },
      "lpips_target_norm": {
        "mean": 0.08431300124443161,
        "std": 0.05502585898885147
      },
      "lpips_nontarget_norm": {
        "mean": 0.08397679588517278,
        "std": 0.031238867259987414
      },
      "lpips_selectivity": {
        "mean": 1.2456587347651236,
        "std": 0.6240880610349857
      },
      "clip_delta_target": {
        "mean": 0.02388649955391884,
        "std": 0.018334964887835724
      },
      "clip_delta_nontarget": {
        "mean": 0.014645694941282272,
        "std": 0.011463140193136767
      },
      "clip_selectivity": {
        "mean": 0.5844290264259867,
        "std": 0.252340108755309
      }
    },
    "scale_1.0": {
      "lpips_target_raw": {
        "mean": 0.050276616029441355,
        "std": 0.02123154954512407
      },
      "lpips_nontarget_raw": {
        "mean": 0.06387787917628884,
        "std": 0.02380798670393379
      },
      "lpips_target_norm": {
        "mean": 0.15423619604152325,
        "std": 0.06505989383118431
      },
      "lpips_nontarget_norm": {
        "mean": 0.17320416578980818,
        "std": 0.03848219072196779
      },
      "lpips_selectivity": {
        "mean": 1.2971757899877256,
        "std": 0.5102738159386765
      },
      "clip_delta_target": {
        "mean": 0.04896281957626343,
        "std": 0.016092618524078013
      },
      "clip_delta_nontarget": {
        "mean": 0.04916220456361771,
        "std": 0.01488612894721652
      },
      "clip_selectivity": {
        "mean": 0.5000169767122152,
        "std": 0.08708182813117998
      }
    },
    "scale_1.5": {
      "lpips_target_raw": {
        "mean": 0.06803781855851412,
        "std": 0.024789403260341018
      },
      "lpips_nontarget_raw": {
        "mean": 0.08504003919661045,
        "std": 0.028842499766875775
      },
      "lpips_target_norm": {
        "mean": 0.20319129329259158,
        "std": 0.06055609441049637
      },
      "lpips_nontarget_norm": {
        "mean": 0.2319107189213721,
        "std": 0.04605014812330365
      },
      "lpips_selectivity": {
        "mean": 1.2378156600812753,
        "std": 0.3936538839575851
      },
      "clip_delta_target": {
        "mean": 0.05626906082034111,
        "std": 0.017016107215727376
      },
      "clip_delta_nontarget": {
        "mean": 0.05759434476494789,
        "std": 0.014311782512540767
      },
      "clip_selectivity": {
        "mean": 0.49087201948499015,
        "std": 0.06826997230208227
      }
    }
  }
}