{
  "scale_1": {
    "lpips_inside": {
      "mean": 0.028374375216662882,
      "std": 0.017938923167630703
    },
    "lpips_outside": {
      "mean": 0.007411612162832171,
      "std": 0.006751245753845477
    },
    "lpips_loc_raw": {
      "mean": 5.40506124169733,
      "std": 4.352678614630166
    },
    "lpips_inside_norm": {
      "mean": 0.07866402956660815,
      "std": 0.043255548649972185
    },
    "lpips_outside_norm": {
      "mean": 0.011692398847349936,
      "std": 0.010865739687831208
    },
    "lpips_localization": {
      "mean": 10.048807150657765,
      "std": 6.385888708789521
    },
    "clip_localization": {
      "mean": 0.5683911254743672,
      "std": 0.3567881374200308
    }
  },
  "scale_2": {
    "lpips_inside": {
      "mean": 0.07793494323268532,
      "std": 0.03030430586437983
    },
    "lpips_outside": {
      "mean": 0.016775904083624484,
      "std": 0.009964138275921932
    },
    "lpips_loc_raw": {
      "mean": 5.9190758735113995,
      "std": 3.881693284050263
    },
    "lpips_inside_norm": {
      "mean": 0.21909039171017164,
      "std": 0.060890064575567705
    },
    "lpips_outside_norm": {
      "mean": 0.026431746571835158,
      "std": 0.01654756240422344
    },
    "lpips_localization": {
      "mean": 11.326864888021273,
      "std": 6.646605698214271
    },
    "clip_localization": {
      "mean": 0.8694057609439045,
      "std": 0.2165520312770798
    }
  },
  "scale_3": {
    "lpips_inside": {
      "mean": 0.10991092640906572,
      "std": 0.03393788323235378
    },
    "lpips_outside": {
      "mean": 0.02324629290960729,
      "std": 0.01131454140549972
    },
    "lpips_loc_raw": {
      "mean": 5.669008155127535,
      "std": 3.025431964593792
    },
    "lpips_inside_norm": {
      "mean": 0.3120116995934527,
      "std": 0.056864922742076364
    },
    "lpips_outside_norm": {
      "mean": 0.03651733627154237,
      "std": 0.01903495393463769
    },
    "lpips_localization": {
      "mean": 10.951493449948744,
      "std": 5.53852343168412
    },
    "clip_localization": {
      "mean": 0.9464706924374517,
      "std": 0.04755044378666214
    }
  }
}