{
  "scale_1": {
    "lpips_inside": {
      "mean": 0.019930083595681936,
      "std": 0.014258442193089131
    },
    "lpips_outside": {
      "mean": 0.010800929588731379,
      "std": 0.008186067621501513
    },
    "lpips_loc_raw": {
      "mean": 2.340057774788447,
      "std": 1.4063616792759743
    },
    "lpips_inside_norm": {
      "mean": 0.09012804060590389,
      "std": 0.05073406226875184
    },
    "lpips_outside_norm": {
      "mean": 0.013959464521939136,
      "std": 0.010281404135278031
    },
    "lpips_localization": {
      "mean": 8.015403632662835,
      "std": 3.6365839668906683
    },
    "clip_localization": {
      "mean": 0.846294334006652,
      "std": 0.21287659289344923
    }
  },
  "scale_2": {
    "lpips_inside": {
      "mean": 0.008015081558551174,
      "std": 0.007329612956575603
    },
    "lpips_outside": {
      "mean": 0.005585353740025311,
      "std": 0.004860924766604685
    },
    "lpips_loc_raw": {
      "mean": 1.9714895994210486,
      "std": 1.3420124236277788
    },
    "lpips_inside_norm": {
      "mean": 0.03633209203960121,
      "std": 0.030738084689122088
    },
    "lpips_outside_norm": {
      "mean": 0.007019123103841398,
      "std": 0.005840553348424729
    },
    "lpips_localization": {
      "mean": 6.089021452537208,
      "std": 3.4015268968067627
    },
    "clip_localization": {
      "mean": 0.8693464344892066,
      "std": 0.13526468859773416
    }
  },
  "scale_3": {
    "lpips_inside": {
      "mean": 0.010521560008055531,
      "std": 0.008498142288280313
    },
    "lpips_outside": {
      "mean": 0.0065580485650571065,
      "std": 0.005929878947673094
    },
    "lpips_loc_raw": {
      "mean": 2.1400201535681282,
      "std": 1.4235761143812735
    },
    "lpips_inside_norm": {
      "mean": 0.04695677044615393,
      "std": 0.033418424865653204
    },
    "lpips_outside_norm": {
      "mean": 0.008325573844703525,
      "std": 0.006888428594444738
    },
    "lpips_localization": {
      "mean": 7.167910924340594,
      "std": 3.9001494316301466
    },
    "clip_localization": {
      "mean": 0.8604305722009634,
      "std": 0.17254221746639156
    }
  }
}