{
  "specific": {
    "scale_0.5": {
      "lpips_target_raw": {
        "mean": 0.022304410080687377,
        "std": 0.011814189684344665
      },
      "lpips_nontarget_raw": {
        "mean": 0.023808038950664922,
        "std": 0.018122260120611567
      },
      "lpips_target_norm": {
        "mean": 0.05826133228255233,
        "std": 0.02622026576740618
      },
      "lpips_nontarget_norm": {
        "mean": 0.07976126670094576,
        "std": 0.04141657972401151
      },
      "lpips_selectivity": {
        "mean": 0.9022435535202564,
        "std": 0.5485785953863334
      },
      "clip_delta_target": {
        "mean": 0.006249428540468216,
        "std": 0.007614077791745879
      },
      "clip_delta_nontarget": {
        "mean": 0.002652622014284134,
        "std": 0.00764398537878543
      },
      "clip_selectivity": {
        "mean": 0.463494954901042,
        "std": 0.2897105274671001
      }
    },
    "scale_1.0": {
      "lpips_target_raw": {
        "mean": 0.05329220446874387,
        "std": 0.026035902292424144
      },
      "lpips_nontarget_raw": {
        "mean": 0.04806448300369084,
        "std": 0.028866051047122088
      },
      "lpips_target_norm": {
        "mean": 0.1420950440836316,
        "std": 0.048569979377596585
      },
      "lpips_nontarget_norm": {
        "mean": 0.16349634281918826,
        "std": 0.0747148542271625
      },
      "lpips_selectivity": {
        "mean": 0.9883241867193153,
        "std": 0.43831762500884375
      },
      "clip_delta_target": {
        "mean": 0.01991829201579094,
        "std": 0.023515370180438547
      },
      "clip_delta_nontarget": {
        "mean": 0.009544869512319564,
        "std": 0.013307126856785038
      },
      "clip_selectivity": {
        "mean": 0.4998409252654662,
        "std": 0.3093991076469491
      }
    },
    "scale_1.5": {
      "lpips_target_raw": {
        "mean": 0.10158067897427828,
        "std": 0.04981752187239558
      },
      "lpips_nontarget_raw": {
        "mean": 0.08640188968856818,
        "std": 0.04995268184993149
      },
      "lpips_target_norm": {
        "mean": 0.26523116328106716,
        "std": 0.07230094666802812
      },
      "lpips_nontarget_norm": {
        "mean": 0.2785214828561349,
        "std": 0.0824558844807581
      },
      "lpips_selectivity": {
        "mean": 1.0160512407213809,
        "std": 0.34057774452499834
      },
      "clip_delta_target": {
        "mean": 0.05132225528359413,
        "std": 0.03445689302346924
      },
      "clip_delta_nontarget": {
        "mean": 0.03519052788615227,
        "std": 0.026298132990555712
      },
      "clip_selectivity": {
        "mean": 0.5838621123166651,
        "std": 0.2949947101456822
      }
    }
  },
  "general": {
    "scale_0.5": {
      "lpips_target_raw": {
        "mean": 0.03338943542694324,
        "std": 0.02317613688227821
      },
      "lpips_nontarget_raw": {
        "mean": 0.04074522274604533,
        "std": 0.029134821263825585
      },
      "lpips_target_norm": {
        "mean": 0.08234386456464245,
        "std": 0.04681359892891221
      },
      "lpips_nontarget_norm": {
        "mean": 0.1278013303873229,
        "std": 0.06295564928498555
      },
      "lpips_selectivity": {
        "mean": 0.7378644362485268,
        "std": 0.5423347724390987
      },
      "clip_delta_target": {
        "mean": 0.00894634798169136,
        "std": 0.012632644557517779
      },
      "clip_delta_nontarget": {
        "mean": 0.012021184712648392,
        "std": 0.01816845648440894
      },
      "clip_selectivity": {
        "mean": 0.2948889819705588,
        "std": 0.24737200462135697
      }
    },
    "scale_1.0": {
      "lpips_target_raw": {
        "mean": 0.07408445795153966,
        "std": 0.036708946792320875
      },
      "lpips_nontarget_raw": {
        "mean": 0.09333712790394202,
        "std": 0.05218236642202811
      },
      "lpips_target_norm": {
        "mean": 0.18465417326181716,
        "std": 0.06561947574825903
      },
      "lpips_nontarget_norm": {
        "mean": 0.2865466846415762,
        "std": 0.07992982825982574
      },
      "lpips_selectivity": {
        "mean": 0.6555171450961821,
        "std": 0.21642414436507487
      },
      "clip_delta_target": {
        "mean": 0.03076581433415413,
        "std": 0.029549337480904093
      },
      "clip_delta_nontarget": {
        "mean": 0.04912400767207146,
        "std": 0.028751403587689156
      },
      "clip_selectivity": {
        "mean": 0.3339140777649544,
        "std": 0.2298019108042557
      }
    },
    "scale_1.5": {
      "lpips_target_raw": {
        "mean": 0.13926448534475638,
        "std": 0.06038233737075901
      },
      "lpips_nontarget_raw": {
        "mean": 0.13275116541190074,
        "std": 0.06462805393597937
      },
      "lpips_target_norm": {
        "mean": 0.3571595482687432,
        "std": 0.07839559621275667
      },
      "lpips_nontarget_norm": {
        "mean": 0.43923028589919016,
        "std": 0.11773776641471599
      },
      "lpips_selectivity": {
        "mean": 0.8513506138543934,
        "std": 0.23323830839750717
      },
      "clip_delta_target": {
        "mean": 0.07522652745246887,
        "std": 0.03295507134179056
      },
      "clip_delta_nontarget": {
        "mean": 0.07091599628329277,
        "std": 0.03232150251438447
      },
      "clip_selectivity": {
        "mean": 0.5094305028177153,
        "std": 0.19178443850596014
      }
    }
  }
}