{
  "scale_1": {
    "lpips_inside": {
      "mean": 0.05597194633446634,
      "std": 0.037067437685953664
    },
    "lpips_outside": {
      "mean": 0.02772287237457931,
      "std": 0.022091533734296186
    },
    "lpips_loc_raw": {
      "mean": 2.4215453094432595,
      "std": 1.8453580955947655
    },
    "lpips_inside_norm": {
      "mean": 0.24726146878187788,
      "std": 0.08842111365222369
    },
    "lpips_outside_norm": {
      "mean": 0.038360772271405316,
      "std": 0.02793651701575572
    },
    "lpips_localization": {
      "mean": 11.504867385632764,
      "std": 12.437401711800064
    },
    "clip_localization": {
      "mean": 0.8546864021654159,
      "std": 0.23398026673813876
    }
  },
  "scale_2": {
    "lpips_inside": {
      "mean": 0.06795358960516751,
      "std": 0.043704917927298685
    },
    "lpips_outside": {
      "mean": 0.03243116429075599,
      "std": 0.01983992296178184
    },
    "lpips_loc_raw": {
      "mean": 2.3235233741554215,
      "std": 1.590916449591989
    },
    "lpips_inside_norm": {
      "mean": 0.3009904280121523,
      "std": 0.08999194617760815
    },
    "lpips_outside_norm": {
      "mean": 0.045161010353077916,
      "std": 0.027241137991221232
    },
    "lpips_localization": {
      "mean": 10.88306037927931,
      "std": 11.672201755520579
    },
    "clip_localization": {
      "mean": 0.9201714085287028,
      "std": 0.1025145453842139
    }
  },
  "scale_3": {
    "lpips_inside": {
      "mean": 0.09587194598279894,
      "std": 0.06385534703263177
    },
    "lpips_outside": {
      "mean": 0.04396615370642394,
      "std": 0.025422580121348695
    },
    "lpips_loc_raw": {
      "mean": 2.359892553220832,
      "std": 1.5565608151825232
    },
    "lpips_inside_norm": {
      "mean": 0.41583836038838334,
      "std": 0.09310852282692043
    },
    "lpips_outside_norm": {
      "mean": 0.0613160369299525,
      "std": 0.03432331852231474
    },
    "lpips_localization": {
      "mean": 11.4922481808334,
      "std": 12.524108637667217
    },
    "clip_localization": {
      "mean": 0.9179850084203972,
      "std": 0.11632682130247311
    }
  }
}