{
  "lpips_inside": 0.18885944783687592,
  "lpips_outside": 0.03408464044332504,
  "lpips_localization_ratio": 5.540894372700282,
  "clip_inside": 0.2519134283065796,
  "clip_outside": 0.33028411865234375,
  "slider_scale": 3.0,
  "start_noise": 750
}