{
  "scale_1": {
    "lpips_inside": {
      "mean": 0.05971000576391816,
      "std": 0.025863766973846333
    },
    "lpips_outside": {
      "mean": 0.04204836925491691,
      "std": 0.024630292245502575
    },
    "lpips_loc_raw": {
      "mean": 1.7459665662770765,
      "std": 1.0254149789222207
    },
    "lpips_inside_norm": {
      "mean": 0.24776344088226532,
      "std": 0.0767110822114734
    },
    "lpips_outside_norm": {
      "mean": 0.056742151229460566,
      "std": 0.030204401908455976
    },
    "lpips_localization": {
      "mean": 5.303126378760271,
      "std": 2.71309615737981
    },
    "clip_localization": {
      "mean": 0.6196563054631111,
      "std": 0.29548462439366824
    }
  },
  "scale_2": {
    "lpips_inside": {
      "mean": 0.07617261111736298,
      "std": 0.033954658696507135
    },
    "lpips_outside": {
      "mean": 0.05045764772221446,
      "std": 0.02509622394592053
    },
    "lpips_loc_raw": {
      "mean": 1.7666836505750123,
      "std": 0.9607229796178615
    },
    "lpips_inside_norm": {
      "mean": 0.30897059661398696,
      "std": 0.07149834590129985
    },
    "lpips_outside_norm": {
      "mean": 0.06889311362928167,
      "std": 0.032441263250520935
    },
    "lpips_localization": {
      "mean": 5.487681857293111,
      "std": 2.924491697020733
    },
    "clip_localization": {
      "mean": 0.7487739146771176,
      "std": 0.2283958667659777
    }
  },
  "scale_3": {
    "lpips_inside": {
      "mean": 0.09803518112748862,
      "std": 0.04154938792872978
    },
    "lpips_outside": {
      "mean": 0.05785503573715687,
      "std": 0.01948923153848465
    },
    "lpips_loc_raw": {
      "mean": 1.8290743163515273,
      "std": 0.8813009836394431
    },
    "lpips_inside_norm": {
      "mean": 0.3971941821900903,
      "std": 0.06478249289522914
    },
    "lpips_outside_norm": {
      "mean": 0.07960737741477457,
      "std": 0.0271060019572911
    },
    "lpips_localization": {
      "mean": 5.77613626008541,
      "std": 2.8558017909533686
    },
    "clip_localization": {
      "mean": 0.7848890240204948,
      "std": 0.16371320907097273
    }
  }
}