{
  "scale_1": {
    "lpips_inside": {
      "mean": 0.031421653600409626,
      "std": 0.01803185835804476
    },
    "lpips_outside": {
      "mean": 0.011172469123266637,
      "std": 0.007372432384264543
    },
    "lpips_loc_raw": {
      "mean": 3.320697655474813,
      "std": 2.0055790783859755
    },
    "lpips_inside_norm": {
      "mean": 0.09649602263483523,
      "std": 0.048886812395384234
    },
    "lpips_outside_norm": {
      "mean": 0.016504461819589,
      "std": 0.009352405656375958
    },
    "lpips_localization": {
      "mean": 6.254553376281523,
      "std": 2.5149945241084355
    },
    "clip_localization": {
      "mean": 0.7734253375820389,
      "std": 0.2208133133264153
    }
  },
  "scale_2": {
    "lpips_inside": {
      "mean": 0.08367666350677609,
      "std": 0.04499506824556732
    },
    "lpips_outside": {
      "mean": 0.02579426309093833,
      "std": 0.017334825155594695
    },
    "lpips_loc_raw": {
      "mean": 3.9002791148340195,
      "std": 2.281945433023019
    },
    "lpips_inside_norm": {
      "mean": 0.24964473220048716,
      "std": 0.08727930692640345
    },
    "lpips_outside_norm": {
      "mean": 0.03836682648136342,
      "std": 0.022225002808506956
    },
    "lpips_localization": {
      "mean": 7.331752314113077,
      "std": 2.2591606148500576
    },
    "clip_localization": {
      "mean": 0.8542297222967514,
      "std": 0.2461289023963351
    }
  },
  "scale_3": {
    "lpips_inside": {
      "mean": 0.1260471684858203,
      "std": 0.05409820186654923
    },
    "lpips_outside": {
      "mean": 0.03907947093248367,
      "std": 0.019314424488555897
    },
    "lpips_loc_raw": {
      "mean": 3.9914171599228156,
      "std": 2.5819419636690593
    },
    "lpips_inside_norm": {
      "mean": 0.376967453777123,
      "std": 0.08703507491630336
    },
    "lpips_outside_norm": {
      "mean": 0.057390873244588726,
      "std": 0.022716112823498467
    },
    "lpips_localization": {
      "mean": 7.168726076582741,
      "std": 2.0892005445836794
    },
    "clip_localization": {
      "mean": 0.8674097794849299,
      "std": 0.20648009000169246
    }
  }
}